asjp,i,e,E,3,a,u
e,0.824728,,,,,
E,0.911414,0.864512,,,,
3,0.922699,0.882631,0.847923,,,
a,0.894286,0.85365,0.840641,0.842341,,
u,0.84221,0.915348,0.981387,0.918031,0.881096,
o,0.912326,0.846282,0.933496,0.894452,0.834855,0.821018